"component","origin","license","copyright"
"Jinja2","https://github.com/pallets/jinja","['BSD-3-Clause']","['Pallets']"
"Markdown","https://github.com/Python-Markdown/markdown","['BSD-3-Clause']","['Manfred Stienstra', 'Yuri Takhteyev']"
"MarkupSafe","https://github.com/pallets/markupsafe","['BSD-3-Clause']","['Pallets']"
"PyYAML","https://github.com/yaml/pyyaml","['MIT']","['Kirill Simonov']"
"Pygments","https://github.com/pygments/pygments","['BSD-2-Clause']","['Georg Brandl <georg@python.org>']"
"Send2Trash","https://github.com/arsenetar/send2trash","['BSD-3-Clause']","['Virgil Dupras']"
"Werkzeug","https://github.com/pallets/werkzeug","['BSD-3-Clause']","['Pallets']"
"absl-py","https://github.com/abseil/abseil-py","['Apache-2.0']","['The Abseil Authors']"
"aioboto3","https://github.com/terricain/aioboto3","['Apache-2.0']","['Nikolai Novik']"
"aiobotocore","https://github.com/aio-libs/aiobotocore","['Apache License 2.0']","['Nikolay Novik']"
"aiohappyeyeballs","https://github.com/aio-libs/aiohappyeyeballs","['PSF-2.0']","['J. Nick Koston']"
"aiohttp","https://github.com/aio-libs/aiohttp","['Apache-2.0 AND MIT']","['aio-libs contributors']"
"aioitertools","https://github.com/omnilib/aioitertools","['MIT']","['Amethyst Reese']"
"aiosignal","https://github.com/aio-libs/aiosignal","['Apache 2.0']","['Nikolay Kim and Andrew Svetlov']"
"annotated-types","https://github.com/annotated-types/annotated-types","['MIT']","['the contributors']"
"anyio","https://github.com/agronholm/anyio","['MIT']","['Alex Gronholm']"
"appnope","https://github.com/minrk/appnope","['BSD']","['Min Ragan-Kelley']"
"argon2-cffi","https://github.com/hynek/argon2-cffi","['MIT']","['Hynek Schlawack']"
"argon2-cffi-bindings","https://github.com/hynek/argon2-cffi-bindings","['MIT']","['Hynek Schlawack']"
"arrow","https://github.com/arrow-py/arrow","['Apache-2.0']","['Chris Smith']"
"asttokens","https://github.com/gristlabs/asttokens","['Apache 2.0']","['Dmitry Sagalovskiy', 'Grist Labs']"
"async-lru","https://github.com/aio-libs/async-lru","['MIT License']","['Ocean S. A.', 'WikiBusiness Corporation', 'aio-libs team']"
"attrs","https://github.com/python-attrs/attrs","['MIT']","['Hynek Schlawack']"
"babel","https://github.com/python-babel/babel","['BSD-3-Clause']","['Armin Ronacher']"
"beartype","https://github.com/beartype/beartype","['MIT']","['Beartype', 'leycec']"
"beautifulsoup4","https://www.crummy.com/software/BeautifulSoup/bs4/","['MIT License']","[]"
"black","https://github.com/psf/black","['MIT']","['Corporation for National Research Initiatives', 'Elemental Security, Inc.', 'Google, Inc.', 'Lukasz Langa', 'Lukasz Langa and contributors', 'Python Software Foundation', 'Reece Hart', 'Stichting Mathematisch Centrum Amsterdam', 'The Netherlands']"
"bleach","https://github.com/mozilla/bleach","['Apache Software License']","['James Graham and other contributors', 'Mozilla Foundation']"
"boto3","https://github.com/boto/boto3","['Apache-2.0']","['Amazon.com, Inc. or its affiliates']"
"botocore","https://github.com/boto/botocore","['Apache License 2.0']","['Amazon Web Services']"
"certifi","https://github.com/certifi/python-certifi","['MPL-2.0']","['Kenneth Reitz']"
"cffi","https://github.com/python-cffi/cffi","['MIT-0']","['Armin Rigo', 'Maciej Fijalkowski']"
"charset-normalizer","https://github.com/jawah/charset_normalizer","['MIT']","['TAHRI Ahmed R.']"
"click","https://github.com/pallets/click","['BSD-3-Clause']","['Pallets']"
"comm","https://github.com/ipython/comm","['BSD 3-Clause License']","['Jupyter contributors']"
"contourpy","https://github.com/contourpy/contourpy","['BSD-3-Clause']","['ContourPy Developers']"
"cycler","https://github.com/matplotlib/cycler","['BSD-3-Clause']","['matplotlib project']"
"datasets","https://github.com/huggingface/datasets","['Apache-2.0']","['Hugging Face', 'HuggingFace Inc.', 'NVIDIA CORPORATION.', 'OpenAI (https://openai.com)', 'Optuna', 'The HuggingFace Authors', 'The HuggingFace Authors.', 'The HuggingFace Datasets', 'The HuggingFace Inc. team', 'The HuggingFace Team', 'The TensorFlow Datasets']"
"debugpy","https://github.com/microsoft/debugpy","['MIT']","['Microsoft Corporation']"
"decorator","pypi:decorator","['BSD-2-Clause']","[]"
"defusedxml","https://github.com/tiran/defusedxml","['PSFL']","['Christian Heimes']"
"dill","https://github.com/uqfoundation/dill","['BSD-2-Clause AND BSD-3-Clause']","['California Institute of Technology', 'Marius Gedminas <marius@pov.lt>', 'PiCloud, Inc. <http://www.picloud.com>', 'Regents of the University of California', 'Stefano Rivera <stefano@rivera.za.net>', 'The Uncertainty Quantification Foundation', 'by science+computing', 'd']"
"dion","https://github.com/microsoft/dion","['MIT']","['Microsoft Corporation']"
"einops","https://github.com/arogozhnikov/einops","['MIT']","['Alex Rogozhnikov']"
"executing","https://github.com/alexmojaki/executing","['MIT']","['Alex Hall']"
"fastjsonschema","https://github.com/horejsek/python-fastjsonschema","['BSD']","['Michal Horejsek']"
"filelock","https://github.com/tox-dev/filelock","['MIT']","['Bernat Gabor and contributors']"
"fonttools","https://github.com/fonttools/fonttools","['MIT']","['Just van Rossum']"
"fqdn","https://github.com/ypcrts/fqdn","['MPL 2.0']","['ypcrts']"
"frozenlist","https://github.com/aio-libs/frozenlist","['Apache-2.0']","['Nikolay Kim and Andrew Svetlov']"
"fsspec","https://github.com/fsspec/filesystem_spec","['BSD']","['Martin Durant']"
"toto-ts","pypi:toto-ts","['Apache-2.0']","['DataDog, Inc.']"
"gluonts","https://github.com/awslabs/gluonts","['Apache-2.0']","['Amazon', 'Amazon.com, Inc. or its affiliates', 'Chin-Wei Huang']"
"grpcio","https://github.com/grpc/grpc","['Apache-2.0', 'BSD-3-Clause', 'MPL-2.0']","['Google Inc.', 'Google LLC', 'WIDE Project', 'Yann Collet', 'Yibo Cai', 'gRPC']"
"h11","https://github.com/python-hyper/h11","['MIT']","['Nathaniel J. Smith']"
"hf-xet","https://github.com/huggingface/xet-core","['Apache-2.0']","['huggingface']"
"httpcore","https://github.com/encode/httpcore","['BSD-3-Clause']","['Encode OSS Ltd']"
"httpx","https://github.com/encode/httpx","['BSD-3-Clause']","['Encode OSS Ltd']"
"huggingface-hub","https://github.com/huggingface/huggingface_hub","['Apache']","['Hugging Face, Inc.']"
"idna","https://github.com/kjd/idna","['BSD-3-Clause']","['Kim Davies and contributors']"
"iniconfig","https://github.com/pytest-dev/iniconfig","['MIT']","['Holger Krekel and others']"
"ipykernel","https://github.com/ipython/ipykernel","['BSD-3-Clause']","['IPython Development Team']"
"ipython","https://github.com/ipython/ipython","['BSD-3-Clause']","['The IPython Development Team']"
"ipython-pygments-lexers","https://github.com/ipython/ipython-pygments-lexers","['BSD-3-Clause']","['IPython Development Team']"
"ipywidgets","pypi:ipywidgets","['BSD 3-Clause License']","['Jupyter Development Team']"
"isoduration","https://github.com/bolsote/isoduration","['ISC']","['Víctor Muñoz']"
"isort","https://github.com/PyCQA/isort","['MIT']","['Google LLC', 'Marcel Hellkamp', 'Red Hat, Inc.', 'Taneli Hukkinen', 'Timothy Edmund Crosley', 'Timothy Edmund Crosley Under', 'VMware, Inc']"
"jaxtyping","https://github.com/patrick-kidger/jaxtyping","['MIT']","['Alex Gronholm', 'Google LLC']"
"jedi","https://github.com/davidhalter/jedi","['MIT']","['David Halter']"
"jmespath","https://github.com/jmespath/jmespath.py","['MIT']","['James Saryerwinnie']"
"joblib","https://github.com/joblib/joblib","['BSD-3-Clause']","['The joblib developers']"
"json5","https://github.com/dpranke/pyjson5","['BSD 3-Clause']","['Microsoft Corporation', 'Milo Yip', 'Wes McKinney']"
"jsonpointer","https://github.com/stefankoegl/python-json-pointer","['Modified BSD License']","['Stefan Kögl']"
"jsonschema","https://github.com/python-jsonschema/jsonschema","['MIT']","['Julian Berman']"
"jsonschema-specifications","https://github.com/python-jsonschema/jsonschema-specifications","['MIT']","['Julian Berman']"
"jupyter","pypi:jupyter","['BSD-2-Clause AND BSD-3-Clause']","['Adobe System Incorporated', 'Adobe Systems Incorporated', 'IPython Development Team', 'Jupyter Development Team', 'Jupyter Team', 'Project Jupyter Contributors', 'https://jupyter.org']"
"jupyter-client","https://github.com/jupyter/jupyter_client","['BSD-3-Clause']","['IPython Development Team', 'Jupyter Development Team']"
"jupyter-console","pypi:jupyter-console","['BSD-3-Clause']","[]"
"jupyter-core","https://github.com/jupyter/jupyter_core","['BSD-3-Clause']","['Jupyter Development Team']"
"jupyter-events","https://github.com/jupyter/jupyter_events","['BSD-3-Clause']","['Jupyter Development Team']"
"jupyter-lsp","https://github.com/jupyter-lsp/jupyterlab-lsp","['BSD-3-Clause']","['jupyter-lsp Contributors']"
"jupyter-server","https://github.com/jupyter-server/jupyter_server","['BSD-3-Clause']","['IPython Development Team', 'Jupyter Development Team']"
"jupyter-server-terminals","https://github.com/jupyter-server/jupyter_server_terminals","['BSD-3-Clause']","['Jupyter Development Team']"
"jupyterlab","https://github.com/jupyterlab/jupyterlab","['BSD-3-Clause']","['Project Jupyter Contributors']"
"jupyterlab-pygments","https://github.com/jupyterlab/jupyterlab_pygments","['BSD-3-Clause']","['Project Jupyter Contributors']"
"jupyterlab-server","https://github.com/jupyterlab/jupyterlab_server","['BSD-3-Clause']","['Project Jupyter Contributors']"
"jupyterlab-widgets","https://github.com/jupyter-widgets/ipywidgets","['BSD-3-Clause']","['Isaac Z. Schlueter and Contributors', 'JS Foundation and other contributors', 'Jameson Little', 'Jeremy Ashkenas, DocumentCloud and Investigative Reporters & Editors', 'Jeremy Ashkenas, DocumentCloud and Investigative Reporters & Editors Backbone', 'Leon Gersen', 'Mike Bostock', 'OpenJS Foundation and other contributors', 'Project Jupyter Contributors']"
"kiwisolver","https://github.com/nucleic/kiwi","['Modified BSD License']","['Nucleic Development Team']"
"lark","https://github.com/lark-parser/lark","['MIT']","['Erez Shinan']"
"lightning","https://github.com/Lightning-AI/pytorch-lightning","['Apache-2.0']","['- time.strftime', 'Lightning AI.', 'MathInf GmbH', 'The Lightning AI team', 'The PyTorch Lightning team and Microsoft Corporation', 'William Falcon']"
"lightning-utilities","https://github.com/Lightning-AI/utilities","['Apache-2.0']","['Lightning AI et al.']"
"markdown-it-py","https://github.com/executablebooks/markdown-it-py","['MIT']","[]"
"matplotlib","https://github.com/matplotlib/matplotlib","['PSF-2.0']","['- Matplotlib Development Team', '- by the Matplotlib development team. :license', '-4', '. The Regents of the University of California', '<http://www.ams.org>', 'Adobe Systems Incorporated', 'American Mathematical Society', 'American Mathematical Society (http://www.ams.org)', 'Andrew Straw', 'Bartosz Telenczuk', 'Basil K. Malyshev', 'Bitstream Inc.', 'Cambridge', 'Cynthia Brewer', 'Darren Dale', 'Doug Hellmann', 'E by Bitstream, Inc.', 'Eric Firing', 'Ethan Schoonover', 'F by Bitstream, Inc.', ""Font's"", 'Frank Siegert', 'Google Inc.', 'Hansruedi Baer', ""Jeremy O'Donoghue & John Hunter"", ""Jeremy O'Donoghue and others"", 'John D. Hunter', 'John Gill and John Hunter', 'John Horigan (http://www.antigrain.com)', 'John Hunter', 'L by the STI Pub Companies', 'Lucent Technologies', 'M.I.T.', 'MA.', 'Mark Harrower', 'Matplotlib developers', 'Maxim Shemanarev', 'Maxim Shemanarev (http://antigrain.com/)', 'Maxim Shemanarev (http://www.antigrain.com)', ""Michael Droettboom and the Matplotlib development team f'- sourceyear The Matplotlib development team"", 'Permission', 'Pierre Raybaut', 'Portions by Elsevier, Inc.', 'Portions by MicroPress, Inc.', 'Robert Wilhelm', 'Scriptics Corporation', 'Sun Microsystems, Inc.', 'Tavmjong Bah', 'Tavmjung Bah', 'The Matplotlib development team', 'The Meson development team', 'The Regents of the University of California', 'Tony Juricic (tonygeek@yahoo.com)', 'Trinity College Computing Center', 'X11R4 release', 'and The Pennsylvania State University', 'and Werner Lemberg', 'as an unpublished work by Bitstream Inc.', ""b' xa9"", 'by Bitstream, Inc.', 'by David Turner', 'by Fredrik Lundh', 'by Kevin B. Kenny', 'by Scriptics Corporation', 'by Tavmjong Bah', 'by the Regents of the University of California', 'by the STI Pub Companies', 'by tyPoland Lukasz Dziedzic', 'xa9']"
"matplotlib-inline","https://github.com/ipython/matplotlib-inline","['BSD-3-Clause']","['IPython Development Team']"
"mdurl","https://github.com/executablebooks/mdurl","['MIT']","['Joyent, Inc. and other Node contributors', 'Taneli Hukkinen', 'Vitaly Puzrin, Alex Kocharin']"
"mistune","https://github.com/lepture/mistune","['BSD-3-Clause']","['Hsiaoming Yang']"
"mpmath","https://github.com/mpmath/mpmath","['BSD']","['Fredrik Johansson']"
"multidict","https://github.com/aio-libs/multidict","['Apache License 2.0']","['Andrew Svetlov']"
"multiprocess","https://github.com/uqfoundation/multiprocess","['BSD-3-Clause']","['Mike McKerns']"
"mypy","https://github.com/python/mypy","['MIT']","['Contributors to the pythoncapi_compat project.', 'Corporation for National Research Initiatives', 'D TypeAlias', 'Dropbox, Inc.', 'E Argument', 'E Cannot', 'E Incompatible', 'E Only', 'E Too', 'Google Inc.', 'Jukka Lehtosalo and contributors', 'Jukka Lehtosalo and mypy contributors', 'N Revealed', 'Python Software Foundation', 'Stichting Mathematisch Centrum Amsterdam', 'The Netherlands', 'The Pybind Development Team', 'mypyc team']"
"mypy-extensions","https://github.com/python/mypy_extensions","['MIT']","['Jukka Lehtosalo and contributors']"
"nbclient","https://github.com/jupyter/nbclient","['BSD-3-Clause License']","['Jupyter Development Team']"
"nbconvert","pypi:nbconvert","['BSD 3-Clause License']","[]"
"nbformat","https://github.com/jupyter/nbformat","['BSD-3-Clause']","['IPython Development Team', 'Jupyter Development Team']"
"nest-asyncio","https://github.com/erdewit/nest_asyncio","['BSD']","['Ewald R. de Wit']"
"networkx","https://github.com/networkx/networkx","['BSD-3-Clause']","['NetworkX Developers Aric Hagberg Dan Schult Pieter Swart']"
"notebook","https://github.com/jupyter/notebook","['BSD-3-Clause']","['IPython Development Team', 'Jupyter Development Team']"
"notebook-shim","pypi:notebook_shim","['BSD-3-Clause']","[]"
"numpy","https://github.com/numpy/numpy","['BSD-2-Clause AND BSD-3-Clause']","['<kim.walisch@gmail.com>', 'Absoft Corporation', 'Absoft Corporation Absoft Pro FORTRAN', 'Absoft Corporation mV2 Cray Research, Inc. CF90', 'Arseny Maslennikov', 'Convert Chebyshev', 'Cybozu Labs, Inc.', 'D. E. Shaw Research', 'David Schultz <das@FreeBSD.ORG>', 'Donald Stufft and individual contributors', 'Dylan Baker', 'Enthought, Inc', 'False', 'Free Software Foundation, Inc.', 'Free Software Foundation, Inc. <http://fsf.org/>', 'Gabriele Svelto <gabriele.svelto@gmail.com>', 'Google Inc.', 'Ian Bicking and Contributors', 'Intel', 'Intel Corporation', 'Intel Corporation SPDX-License-Identifier BSD-3-Clause Authors Liu Zhuan <zhuan.liu@intel.com> Tang Xi <xi.tang@intel.com>', 'Intel Corporation SPDX-License-Identifier BSD-3-Clause Authors Raghuveer Devulapalli <raghuveer.devulapalli@intel.com>', ""Intel Corporation project 'existing project"", 'Isuru Fernando', 'Jean-Sebastien Roy (js@jeannot.org)', 'Jeff Bezanson', 'Jim Hugunin', 'Jussi Pakkanen', 'Kevin Sheppard', 'Kim Walisch', 'Makoto Matsumoto and Takuji Nishimura', 'Mark Bolhuis <mark@bolhuis.dev>', 'Martin Hensel', 'Mathjax Consortium', 'Matthew Brett', 'Matthias Klumpp <matthias@tenstral.net>', 'Matti Picus', 'Max-Planck-Society author Martin Reinecke', ""Melissa E. O'Neill"", ""Melissa O'Neill <oneill@pcg-random.org>"", 'Meson', 'Meson development team', 'Microsoft Corporation', 'Multiply a Chebyshev', 'Multiply a Hermite', 'Multiply a Laguerre', 'Multiply a Legendre', 'NVIDIA Corporation Built', 'Niklas Claesson', 'NumPy Developers', 'Pauli Virtanen', 'Pearu Peterson', 'Red Hat, Inc.', 'Regents of the University of California', 'Robert Kern <robert.kern@gmail.com>', 'Ryan Juckett', 'Scientific Python project', 'Serge Sans Paille SPDX-License-Identifier BSD-3-Clause Authors Raghuveer Devulapalli <raghuveer.devulapalli@intel.com> Serge Sans Paille <serge.guelton@telecom-bretagne.eu>', 'Serge Sans Paille SPDX-License-Identifier BSD-3-Clause Authors Raghuveer Devulapalli <raghuveer.devulapalli@intel.com> Serge Sans Paille <serge.guelton@telecom-bretagne.eu> Liu Zhuan <zhuan.liu@intel.com>', 'Stefan Karpinski', 'Stephen Montgomery-Smith <stephen@FreeBSD.ORG>', ""THE PACKAGE'S"", 'Takao Fujiwara <takao.fujiwara1@gmail.com>', 'The Android Open Source Project', 'The Linux Foundation and its contributors', 'The MathJax Consortium', 'The Meson Developers', 'The Meson development team', 'The Meson development team SPDX-license-identifier', 'The Meson development team from', 'The OpenBLAS Project', 'The University of California Berkeley', 'The University of Colorado Denver', 'The University of Tennessee and The University of Tennessee Research Foundation', 'The meson development team', 'True', 'University of Georgia and Pierre G.F. Gerard-Marchant', 'Viral B. Shah', 'and other contributors', 'by Enthought, Inc', 'by Enthought, Inc.', 'by Mark Wiebe (mwwiebe@gmail.com) The University of British Columbia', 'by Sun Microsystems, Inc.', 'by the Sphinx team', 'hugunin@mit.edu', 'present NumPy Developers', 'present NumPy Developers. https://numpy.org/doc/stable/f2py/index.html']"
"packaging","https://github.com/pypa/packaging","['BSD-3-Clause OR Apache-2.0']","['pypa']"
"pandas","https://github.com/pandas-dev/pandas","['BSD-2-Clause AND BSD-3-Clause']","[""'"", '- - Paul Ganssle <paul@ganssle.io>', '- - dateutil contributors', '- Attractive Chaos <attractor@live.co.uk>', '- Gustavo Niemeyer <gustavo@niemeyer.net>', '- Paul Ganssle <paul@ganssle.io>', '- Tomi Pievilainen <tomi.pievilainen@iki.fi>', '- Yaron de Leeuw <me@jarondl.net>', '- dateutil contributors', 'AQR Capital Management, LLC', 'ActiveState Corporation', 'Al Sweigart', 'Anthony Sottile', 'Arm Limited', 'Bottleneck Developers', 'Bruce D. Evans', 'Corporation for National Research Initiatives', 'David Burren', 'David Schultz', 'Donald Stufft and individual contributors', 'ESN Social Software AB and Jonas Tarnstrom', 'Electronic Arts Inc.', 'Hadley Wickham', 'Hadley Wickham RStudio and Evan Miller', 'Jared Hobbs', 'Keith Goodman', 'Lambda Foundry, Inc.', 'Lambda Foundry, Inc. and PyData Development Team', 'Michael Ringgaard', 'Nick Galbreath - nickg at modp dot com', 'Nick Galbreath nickg at modp dot com', 'NumPy Developers', 'Open source contributors', 'PyData Development Team', 'Python Software Foundation', 'Rain (mm) Wind', 'Rich Felker', 'Scriptics Corporation', 'Stephen L. Moshier', 'Steven G. Kargl', 'Stichting Mathematisch Centrum Amsterdam', 'Sun Microsystems', 'Sun Microsystems, Inc.', 'The Android Open Source Project', 'The Netherlands', 'The Regents of the University of California', 'Valentin Ochs', 'Ville Laurikari', 'by Enthought, Inc.', 'by the Regents of the University of California', 'join']"
"pandocfilters","https://github.com/jgm/pandocfilters","['BSD-3-Clause']","['John MacFarlane']"
"parso","https://github.com/davidhalter/parso","['MIT']","['David Halter']"
"pathspec","https://github.com/cpburnz/python-pathspec","['MPL-2.0']","['cpburnz']"
"pexpect","https://github.com/pexpect/pexpect","['ISC license']","['Noah Spurrier; Thomas Kluyver; Jeff Quast']"
"pillow","https://github.com/python-pillow/Pillow","['LicenseRef-scancode-secret-labs-2011', 'MIT-CMU']","['Bitstream, Inc.', 'Fredrik Lundh and contributors', 'Google LLC', 'Information Technology', 'Jeffrey Alex Clark and contributors', 'Khaled Hosny', 'Roel Nieskens', 'Secret Labs AB', 'Tavmjong Bah', 'Tavmjung Bah']"
"pip","https://github.com/pypa/pip","['MIT']","['Andrey Petrov and contributors', 'Corporation for National Research Initiatives', 'Eric Larson', 'INADA Naoki', 'Kim Davies and contributors', 'Python Software Foundation', 'Seth Michael Larson', 'Stephen Rosen', 'Stichting Mathematisch Centrum Amsterdam, The Netherlands', 'Taneli Hukkinen', 'The pip developers', 'The platformdirs developers', 'Thomas Kluyver', 'Tzu-ping Chung', 'Will McGugan']"
"platformdirs","https://github.com/tox-dev/platformdirs","['MIT']","['The platformdirs developers']"
"pluggy","pypi:pluggy","['MIT']","[]"
"prometheus-client","https://github.com/prometheus/client_python","['Apache-2.0']","['Robert Kaussow', 'The Prometheus Authors']"
"prompt-toolkit","https://github.com/prompt-toolkit/python-prompt-toolkit","['BSD-3-Clause']","['Jonathan Slenders']"
"propcache","https://github.com/aio-libs/propcache","['Apache-2.0']","['Andrew Svetlov']"
"protobuf","https://developers.google.com/protocol-buffers/","['3-Clause BSD License']","['protobuf@googlegroups.com']"
"psutil","https://github.com/giampaolo/psutil","['BSD-3-Clause']","['Giampaolo Rodola']"
"ptyprocess","https://github.com/pexpect/ptyprocess","['ISC']","['Thomas Kluyver']"
"pure-eval","https://github.com/alexmojaki/pure_eval","['MIT']","['Alex Hall']"
"pyarrow","https://github.com/apache/arrow","['Apache Software License']","['AQR Capital Management, LLC', 'ARM Ltd.', 'Adrian Colomitchi', 'Advanced Micro Devices, Inc.', 'Aleksei and Jeroen Ooms', 'Alexander Chemeris', 'Asylo authors Homepage', 'Bjoern Hoehrmann', 'Burnett01', 'Carnegie Mellon University', 'Cloudera Inc.', 'Cloudera, Inc.', 'Continuum Analytics, Inc.', 'Contributors', 'Cristian Adam', 'Daniel Lemire Home page Project', 'Daniel Stenberg', 'Dato, Inc.', 'Dremio Corporation', 'Dynamic NDArray Developers', 'Eric Young', 'Facebook, Inc.', 'Facebook, Inc. and its affiliates. Home page', 'Florian Dang', 'Google Inc.', 'Google inc', 'Gregory Pakosz', 'Hewlett-Packard Development Company, L.P', 'Homebrew contributors', 'Howard Hinnant', 'Huawei Technologies Co., Ltd.', 'Jason Evans', 'Jean-loup Gailly and Mark Adler', 'Jeroen Ooms and Jim Hester', 'Joshua Piper', 'Jouni Malinen and contributors', 'Kitware, Inc.', 'Kitware, Inc. and Contributors', 'Lambda Foundry, Inc. and PyData Development Team', 'Los Alamos National Security, LLC.', 'Matt Terry and Matthew Brett', ""Melissa O'Neill , and the PCG Project contributors"", 'Mellanox Technologies Ltd.', 'Microsoft', 'Microsoft Corporation', 'Mozilla Foundation', 'NVIDIA CORPORATION.', 'Nemanja Trifunovic', 'NumPy Developers', 'Omer Ozarslan', 'Paul Thompson', 'RStudio and others', 'RStudio, Inc.', 'Ray Project', 'Rene Nyffenegger', 'Rich Felker', 'Sam Hocevar', 'Sebastian Pipping', 'Steinar H. Gunderson', 'Stony Brook University', 'THL A29 Limited, a Tencent company, and Milo Yip', 'The Apache Software Foundation', 'The Apache Software Foundation. Home page', 'The Chromium Authors', 'The Go Authors', 'The Guava Authors', 'The LevelDB Authors', 'The OpenSSL Project', 'The RE2 Authors', 'The TensorFlow Authors', 'The University of Houston System', 'The University of Tennessee and The University of Tennessee Research Foundation', 'Tim Hudson', 'Tomasz Kaminski', 'UChicago Argonne, LLC.', 'UT-Battelle, LLC.', 'Weijia Song', 'Yann Collet', 'conda-forge', 'gRPC', 'https://code.google.com/p/mman-win32', 'manylinux Homepage', 'the Brotli Authors', 'the Massachusetts Institute of Technology', 'the V8 project authors', 'the mingw-w64 project Homepage']"
"pyarrow-hotfix","https://github.com/pitrou/pyarrow-hotfix","[' Version 2.0', 'Apache License']","['pitrou']"
"pycparser","https://github.com/eliben/pycparser","['BSD-3-Clause']","['Eli Bendersky']"
"pydantic","https://github.com/pydantic/pydantic","['MIT']","['Samuel Colvin']"
"pydantic_core","https://github.com/pydantic/pydantic","['MIT']","['Samuel Colvin']"
"pyparsing","https://github.com/pyparsing/pyparsing","['MIT']","['Paul McGuire']"
"pytest","https://github.com/pytest-dev/pytest","['MIT']","['. Distributed', 'Gregory Boissinot', 'Holger Krekel and others', 'holger krekel and pytest-dev team']"
"pytest-env","https://github.com/pytest-dev/pytest-env","['MIT']","['-202x The pytest-env']"
"python-dateutil","https://github.com/dateutil/dateutil","['Dual License']","['Gustavo Niemeyer']"
"python-json-logger","https://github.com/nhairs/python-json-logger","['BSD-2-Clause']","['Timothee Mazzucotelli', 'Zakaria Zajac']"
"pytorch-lightning","https://github.com/Lightning-AI/pytorch-lightning","['Apache-2.0']","['Lightning AI et al.']"
"pytz","https://pythonhosted.org/pytz","['MIT']","['Stuart Bishop']"
"pyyaml","pyyaml","['MIT']","['Ingy dot Net', 'Kirill Simonov']"
"pyzmq","https://github.com/zeromq/pyzmq","['BSD-3-Clause']","['Brian E. Granger', 'Min Ragan-Kelley']"
"referencing","https://github.com/python-jsonschema/referencing","['MIT']","['Julian Berman']"
"regex","https://github.com/mrabarnett/mrab-regex","['Apache-2.0', 'CNRI-Python']","['Matthew Barnett', 'Secret Labs AB']"
"requests","https://github.com/psf/requests","['Apache-2.0']","['Armin Ronacher', 'Kenneth Reitz']"
"rfc3339-validator","https://github.com/naimetti/rfc3339-validator","['MIT license']","['Nicolas Aimetti']"
"rfc3986-validator","https://github.com/naimetti/rfc3986-validator","['MIT license']","['Nicolas Aimetti']"
"rfc3987-syntax","https://github.com/willynilly/rfc3987-syntax","['MIT']","['Jan Kowalleck']"
"rich","https://github.com/Textualize/rich","['MIT']","['Will McGugan']"
"rotary-embedding-torch","https://github.com/lucidrains/rotary-embedding-torch","['MIT']","['Phil Wang']"
"rpds-py","https://github.com/crate-py/rpds","['MIT']","['Julian Berman']"
"s3transfer","https://github.com/boto/s3transfer","['Apache License 2.0']","['Amazon Web Services']"
"safetensors","https://github.com/huggingface/safetensors","['Apache-2.0']","['huggingface']"
"scikit-learn","https://github.com/scikit-learn/scikit-learn","['BSD-2-Clause AND BSD-3-Clause']","['Chih-Chung Chang and Chih-Jen Lin', 'Cournapeau David <cournape@gmail.com> Fabian Pedregosa <fabian.pedregosa@inria.fr>', 'David Cournapeau <cournape@gmail.com> Fabian Pedregosa <fabian.pedregosa@inria.fr> Olivier Grisel <olivier.grisel@ensta.org>', 'David Warde-Farley <wardefar at iro dot umontreal dot ca>', 'Donald Stufft and individual contributors', 'Holger Krekel and others', 'INRIA', 'Jon Lund Steffensen', 'Leland McInnes', 'Olivier Grisel <olivier.grisel@ensta.org>', 'OpenJS Foundation and other contributors', 'Paul T. McGuire', 'Python Software Foundation', 'Real', 'Renato de Pontes Pereira', 'Steven Loria', 'The Bootstrap Authors', 'The Bootstrap Authors (https://github.com/twbs/bootstrap/graphs/contributors)', 'The LIBLINEAR Project', 'The scikit-learn', 'Twitter, Inc.', 'University of Amsterdam', ""f' - datetime.now .year"", 'import warnings from numbers import Integral', 'pandas', 's by Aric Hagberg <hagberg@lanl.gov>', 'scikit-learn']"
"scipy","https://github.com/scipy/scipy","['BSD-3-Clause']","['Adam Lugowski', 'Enthought, Inc. SciPy Developers', 'Ian Bicking and Contributors', 'Jean-Sebastien Roy', 'Max-Planck-Society', 'North Carolina State University', 'Peter J. Verveer', 'Quansight-Labs', 'SciPy developers', 'The Regents of the University of California, through Lawrence Berkeley National Laboratory']"
"setuptools","https://github.com/pypa/setuptools","['MIT']","['Daniel Holth and contributors', 'Erik Rose', 'Free Software Foundation, Inc.', 'Michal Horejsek', 'Taneli Hukkinen', 'The platformdirs developers']"
"six","https://github.com/benjaminp/six","['MIT']","['Benjamin Peterson']"
"soupsieve","https://github.com/facelessuser/soupsieve","['MIT']","['Isaac Muse']"
"stack-data","https://github.com/alexmojaki/stack_data","['MIT']","['Alex Hall']"
"sympy","https://github.com/sympy/sympy","['BSD']","['SymPy development team']"
"tabulate","https://github.com/astanin/python-tabulate","['MIT']","['Sergey Astanin and contributors']"
"tensorboard","https://github.com/tensorflow/tensorboard","['Apache 2.0']","['Google Inc.']"
"tensorboard-data-server","https://github.com/tensorflow/tensorboard","['Apache 2.0']","['Google Inc.']"
"terminado","https://github.com/jupyter/terminado","['BSD-2-Clause']","['Jupyter development team', 'Ramalingam Saravanan']"
"threadpoolctl","https://github.com/joblib/threadpoolctl","['BSD-3-Clause']","['Thomas Moreau']"
"tinycss2","https://github.com/Kozea/tinycss2","['BSD-3-Clause']","['Simon Sapin and contributors']"
"tokenizers","https://github.com/huggingface/tokenizers","['Apache-2.0']","['N-API for']"
"toolz","https://github.com/pytoolz/toolz","['BSD']","['https://raw.github.com/pytoolz/toolz/master/AUTHORS.md']"
"torch","pypi:torch","['BSD-3-Clause']","['PyTorch Team']"
"torchmetrics","https://github.com/Lightning-AI/torchmetrics","['Apache-2.0']","['Lightning-AI et al.']"
"tornado","https://github.com/tornadoweb/tornado","['Apache-2.0']","['Facebook']"
"toto-ts","pypi:toto-ts","['Apache-2.0']","['DataDog, Inc.']"
"tqdm","https://github.com/tqdm/tqdm","['MIT AND MPL-2.0']","['Casper da Costa-Luis casperdcl (https://github.com/casperdcl)', 'Noam Yorav-Raphael', 'noamraph', 'original author']"
"traitlets","https://github.com/ipython/traitlets","['BSD-3-Clause License']","['IPython Development Team']"
"transformers","https://github.com/huggingface/transformers","['Apache-2.0']","['- NVIDIA Corporation and The HuggingFace Inc. team', '- The Hugging Face team', '20121', 'ABEJA, Inc. and The HuggingFace Inc. team', 'AI21 Labs Ltd. and the HuggingFace Inc. team', 'ASAPP Inc. and The HuggingFace Inc. team', 'ASAPP Inc. and the HuggingFace Inc. team', 'Adept AI and the HuggingFace Inc. team', 'Advanced Micro Devices, Inc.', 'Advanced Micro Devices, Inc. and The HuggingFace Inc. team', 'AlQuraishi Laboratory', 'Albert Gu', 'Alexander Kirillov', 'Alibaba Group and The HuggingFace Inc. team', 'Alibaba Group and the HuggingFace Inc. team', 'Alibaba Research and The HuggingFace Inc. team', 'Allegro.pl', 'Amazon and The HuggingFace Inc. team', 'Amazon.com, Inc. or its affiliates', 'Amir Gholami', 'Answer.AI', 'Apple Inc. and The HuggingFace Inc. team', 'Arman Cohan and The HuggingFace Inc. team', 'BNRist (Tsinghua University)', 'Baidu Inc and The HuggingFace Inc. team', 'BigCode and the HuggingFace Inc. team', 'Bo Peng and HuggingFace Inc. team', 'CNRS', 'Chao Pang', 'Cohere Inc. HuggingFace Inc. team', 'Cohere and The HuggingFace Inc. team', 'Cohere team', 'DPR Authors', 'DPR authors', 'Databricks Mosaic Research and The HuggingFace Inc. team', 'DeepMind Technologies Limited', 'Deepmind and The HuggingFace Inc. team', 'Deepseek AI and The HuggingFace Team', 'Descript and The HuggingFace Inc. team', 'Ecole Polytechnique and the HuggingFace Inc. team', 'EleutherAI and The HuggingFace Inc. team', 'EleutherAI and the HuggingFace Inc. team', 'Facebook AI Research', 'Facebook AI Research (FAIR)', 'Facebook AI Research (FAIR) and The HuggingFace Inc. team', 'Facebook AI Research The HuggingFace Inc. team', 'Facebook AI Research and The HuggingFace Inc. team', 'Facebook AI Research and the HuggingFace Inc. team', 'Facebook AI and The HuggingFace Inc. team', 'Facebook Inc. and the HuggingFace Inc. team', 'Facebook, Inc and the HuggingFace Inc. team', 'Facebook, Inc. and its affiliates', 'Google AI', 'Google AI The HuggingFace Inc. team', 'Google AI and The HuggingFace Inc. team', 'Google AI and The HuggingFace Team', 'Google Brain and Carnegie Mellon University', 'Google Brain and the HuggingFace Inc. team', 'Google Inc.', 'Google Inc. HuggingFace Inc. team', 'Google Inc. and The HuggingFace Inc. team', 'Google LLC and HuggingFace Inc. team', 'Google LLC.', 'Google Research', 'Google Research The HuggingFace Inc. team', 'Google Research and The HuggingFace Inc. team', 'Google Research, Inc. and The HuggingFace Inc. team', 'Google and HuggingFace Inc.', 'Google and The HuggingFace Inc. team', 'HUST-VL and The HuggingFace Inc. team', 'Haifeng Wang The HuggingFace Inc. team', 'Haifeng Wang and The HuggingFace Inc. team', 'Hao Tan', 'Hao Tian', 'Hua Wu', 'Huazhong University of Science & Technology and The HuggingFace Inc. team', 'Hugging Face', 'HuggingFace Inc.', 'HuggingFace Inc. Team and Bigscience Workshop', 'HuggingFace Inc. team', 'HuggingFace Inc. team and BigScience', 'HuggingFace Inc. team and MosaicML NLP team', 'IBM & Hugging Face', 'IBM and HuggingFace Inc. team', 'IBM and the HuggingFace Inc. team', 'IDEA Research and The HuggingFace Inc. team', 'IMS Toucan', 'Inria', 'Intel Labs', 'Intel Labs and The HuggingFace Inc. team', 'Iz Beltagy', 'JetMoe AI and the HuggingFace Inc. team', 'KAIST and The HuggingFace Inc. team', 'Kurt Keutzer', 'Kyutai', 'Kyutai and The HuggingFace Inc. team', 'LightOn', 'LongT5', 'LongT5 Authors and HuggingFace Inc. team', 'MBZUAI and The HuggingFace Inc. team', 'MURGe-Lab and The HuggingFace Inc. team', 'Matthew E. Peters', 'Mesh TensorFlow', 'Meta AI', 'Meta AI Team and the HuggingFace Inc. team', 'Meta AI and The HuggingFace Inc. team', 'Meta Inc. and The HuggingFace Inc. team', 'Meta Inc. and the HuggingFace Inc. team', 'Meta Platforms', 'Meta Platforms Inc. and The HuggingFace Inc. team', 'Meta Platforms and The HuggingFace Inc. team', 'Meta Platforms, Inc.', 'Meta Platforms, Inc. and The HuggingFace Inc. team', 'Meta Platforms, Inc. and affiliates', 'Meta Platforms, Inc.and The HuggingFace Inc. team', 'Meta Research', 'Meta and The HuggingFace Inc. team', 'MetaAI and the HuggingFace Inc. team', 'Michael Mahoney', 'Microsoft', 'Microsoft Corporation', 'Microsoft Corporation and HuggingFace', 'Microsoft Research', 'Microsoft Research & University of Wisconsin-Madison and the HuggingFace Inc. team', 'Microsoft Research Asia and The HuggingFace Inc. team', 'Microsoft Research Asia and the HuggingFace Inc. team', 'Microsoft Research The HuggingFace Inc. team', 'Microsoft Research and HuggingFace Inc. team', 'Microsoft Research and The HuggingFace Inc. team', 'Microsoft Research and The HuggingFace Team', 'Microsoft Research and the HuggingFace Inc. team', 'Microsoft Research, Inc. and The HuggingFace Inc. team', 'Microsoft and The HuggingFace Inc. team', 'Microsoft and the Hugging Face Inc. team', 'Microsoft and the HuggingFace Inc. team', 'Mistral AI and The HuggingFace Inc. team', 'Mistral AI and the HuggingFace Inc. team', 'Mistral and the HuggingFace Inc. team', 'Mixtral AI and The HuggingFace Inc. team', 'Mixtral AI and the HuggingFace Inc. team', 'Mohit Bansal', 'Multimedia Computing Group', 'NAVER AI Labs and The HuggingFace Inc. team', 'NAVER Corp', 'NLTK Project', 'NVIDIA CORPORATION.', 'NVIDIA Corporation and The HuggingFace Team', 'NVIDIA The HuggingFace Inc. team', 'NVIDIA and The HuggingFace Inc. team', 'NVIDIA and The HuggingFace Team', 'Nanjing University and The HuggingFace Inc. team', 'NetEase, Inc. and the HuggingFace Inc. team', 'NllbMoe Authors and HuggingFace Inc. team', 'Om Research Lab and The HuggingFace Inc. team', 'Optuna', 'Ross Wightman', 'SHI Labs and The HuggingFace Inc. team', 'Salesforce and HuggingFace Inc. team', 'Salesforce and The HuggingFace Inc. team', 'Salesforce authors', 'School of EIC', 'Sea AI Lab and The HuggingFace Inc. team', 'Sea AI Labs and The HuggingFace Inc. team', 'SenseTime', 'SenseTime and The HuggingFace Inc. team', 'Sesame and The HuggingFace Inc. team', 'Shuohuan Wang', 'Snapchat Research and The HuggingFace Inc. team', 'Stability AI and The HuggingFace Inc. team', 'Stanford University and The HuggingFace Inc. team', 'Studio Ousia and The HuggingFace Inc. team', 'Studio Ousia and the HuggingFace Inc. team', 'Studio-Ouisa and The HuggingFace Inc. team', 'SwitchTransformers Authors and HuggingFace Inc. team', 'T5 Authors and HuggingFace Inc. team', 'T5 Authors and The HuggingFace Inc. team', 'THUML @ Tsinghua University', 'TKLNDST (Nankai University) and The HuggingFace Inc. team', 'Technological Innovation Institute and HuggingFace Inc. team', 'Tel', 'The Allen Institute for AI team and The HuggingFace Inc. team', 'The Apple Research Team', 'The BAAI Teams Authors and The HuggingFace Inc. team', 'The BigCode team and HuggingFace Inc. team', 'The Bigcode team and HuggingFace Inc. team', 'The BitNet Team and The HuggingFace Inc. team', 'The Eleuther AI and HuggingFace Inc. team', 'The Eleuther AI and The Google Flax Team', 'The EleutherAI and HuggingFace Teams', 'The EleutherAI and The HuggingFace Inc. team', 'The Espnet authors', 'The Facebook AI Research Team Authors and The HuggingFace Inc. team', 'The Facebook AI Research Team and The HuggingFace Inc. team', 'The Facebook Inc. and The HuggingFace Inc. team', 'The Facebook, Inc and The HuggingFace Inc. team', 'The Facebook, Inc. and The HuggingFace Inc. team', 'The Fairseq Authors', 'The Fairseq Authors The HuggingFace Inc. team', 'The Fairseq Authors and The Google Flax Team', 'The Fairseq Authors and The HuggingFace Inc. team', 'The Fairseq Authors and the HuggingFace Inc. team', 'The GLM & ZhipuAI team and HuggingFace Inc. team', 'The GLM4 & ZhipuAI team and HuggingFace Inc. team', 'The Google AI Flax Team Authors', 'The Google AI Language Team Authors', 'The Google AI Language Team Authors and The HuggingFace Inc. team', 'The Google AI Language Team and Facebook, Inc.', 'The Google AI Team', 'The Google Flax Team Authors and The HuggingFace Inc. team', 'The Google Research Team', 'The Hugging Face Team', 'The HuggingFace Inc. & Google team', 'The HuggingFace Inc. team', 'The HuggingFace Inc. team and Google DeepMind', 'The HuggingFace Team', 'The HuggingFace Team The HuggingFace Inc. team', 'The HuggingFace Team and Microsoft Research AI4Science', 'The HuggingFace Team and The HuggingFace Inc. team', 'The HuggingFace and Baidu Team', 'The HuggingFace team', 'The I-BERT Authors Sehoon Kim', 'The Impira Team and the HuggingFace Team', 'The Intel AIA Team Authors', 'The Intel Labs Team', 'The Kakao Enterprise Authors', 'The Kakao Enterprise Authors and the HuggingFace Inc. team', 'The Kyutai and HuggingFace Inc. teams', 'The LAION-AI Team and The HuggingFace Team', 'The LLAMA4 and HuggingFace Inc. team', 'The LongT5 Authors and HuggingFace Inc.', 'The Marian Team', 'The Mega Authors and The HuggingFace Inc. team', 'The Meta AI Authors and The HuggingFace Team', 'The Meta AI Team Authors and The HuggingFace Inc. team', 'The Metaseq Authors and The HuggingFace Inc. team', 'The Microsoft Authors and The HuggingFace Inc. team', 'The Microsoft Research Asia LayoutLM Team', 'The Microsoft Research Asia LayoutLM Team Authors and the HuggingFace Inc. team', 'The Microsoft Research Asia LayoutLM Team authors', 'The Microsoft Research Asia MarkupLM Team authors', 'The OFA-Sys Team', 'The Open AI Team Authors and The HuggingFace Inc. team', 'The OpenAI Authors and The HuggingFace Inc. team', 'The OpenAI Team Authors', 'The OpenAI Team Authors and HuggingFace Inc. team', 'The OpenAI Team Authors and The HuggingFace Team', 'The OpenAI team and The HuggingFace Team', 'The OpenBMB Team and The HuggingFace Inc. team', 'The Pop2Piano Authors and The HuggingFace Inc. team', 'The Qwen Team and The HuggingFace Inc. team', 'The Qwen team', 'The RAG Authors and The HuggingFace Inc. team', 'The REALM authors and The HuggingFace Inc. team', 'The Rhymes-AI Teams', 'The Salesforce Authors and The HuggingFace Team', 'The Salesforce Team', 'The Salesforce authors', 'The SqueezeBert authors and The HuggingFace Inc. team', 'The Suno AI Authors and The HuggingFace Inc. team', 'The T5 Authors and HuggingFace Inc.', 'The TensorFlow Authors', 'The Trajectory Transformers', 'The Trax Authors and The HuggingFace Inc. team', 'The UCLA NLP Authors and The HuggingFace Inc. team', 'The ggml.ai team and The HuggingFace Inc. team', 'TikTok and The HuggingFace Inc. team', 'Toshiyuki', 'Tri Dao', 'UCLA NLP', 'UW-Madison The HuggingFace Inc. team', 'UW-Madison and The HuggingFace Inc. team', 'University of Sydney and The HuggingFace Inc. team', 'University of Wisconsin-Madison and The HuggingFace Inc. team', 'VinAI Research and the HuggingFace Inc. team', 'WeChatAI The HuggingFace Inc. team', 'WeChatAI and The HuggingFace Inc. team', 'WenXiang ZhongzhiCheng LedellWu LiuGuang', 'WenXiang ZhongzhiCheng LedellWu LiuGuang BoWenZhang The HuggingFace Inc. team', 'Xuan Ouyang', 'Yu Sun', 'Zhewei Yao', 'Zyphra Technologies and the HuggingFace Inc. team', 'and HuggingFace Inc. team', 'and The HuggingFace Inc. team', 'and contributors', 'and the HuggingFace Inc. team', 'and the HuggingFace team', 'and the Lxmert Authors', 'bzantium and the HuggingFace Inc. team', 'clefourrier The HuggingFace Inc. team', 'state-spaces/mamba org and HuggingFace Inc. team', 'state-spaces/mamba2 org and HuggingFace Inc. team', 'tanreinama', 'the Big Science', 'the Cohere Inc. team', 'the Falcon authors and HuggingFace Inc. team', 'the Fast authors and HuggingFace Inc. team', 'the Fast authors and The HuggingFace Inc. team', 'the HuggingFace Inc. team', 'the MMS-TTS Authors and the HuggingFace Inc. team', 'weak-kajuma and the HuggingFace Inc. team']"
"typeguard","https://github.com/agronholm/typeguard","['MIT']","['Alex Grönholm']"
"types-PyYAML","https://github.com/python/typeshed","['Apache-2.0']","['Jukka Lehtosalo and contributors']"
"types-pyyaml","types-pyyaml","['Apache-2.0']","[]"
"types-tabulate","https://github.com/python/typeshed","['Apache-2.0 AND MIT']","['Jukka Lehtosalo and contributors']"
"typing-extensions","https://github.com/python/typing_extensions","['(Python-2.0', '0BSD)', 'BSD-3-Clause', 'BSD-3-Clause)', 'GPL-1.0-or-later', 'Python-2.0']","['Corporation for National Research Initiatives', 'Python Software Foundation', 'Stichting Mathematisch Centrum Amsterdam, The Netherlands']"
"typing-inspection","https://github.com/pydantic/typing-inspection","['MIT']","['Pydantic Services Inc.']"
"tzdata","https://github.com/python/tzdata","['Apache-2.0']","['Python Software Foundation']"
"unit-scaling","https://github.com/graphcore-research/unit-scaling","['Apache-2.0']","['Graphcore Ltd.']"
"uri-template","https://gitlab.linss.com/open-source/python/uri-template","['MIT License']","[]"
"urllib3","https://github.com/urllib3/urllib3","['MIT']","['Andrey Petrov and contributors']"
"wcwidth","https://github.com/jquast/wcwidth","['HPND-Markus-Kuhn', 'MIT']","['Jeff Quast']"
"webcolors","https://github.com/ubernostrum/webcolors","['BSD-3-Clause']","['James Bennett']"
"webencodings","https://github.com/gsnedders/python-webencodings","['BSD']","['Geoffrey Sneddon']"
"websocket-client","https://github.com/websocket-client/websocket-client","['Apache-2.0']","['liris']"
"widgetsnbextension","pypi:widgetsnbextension","['BSD 3-Clause License']","['Jupyter Development Team']"
"wrapt","https://github.com/GrahamDumpleton/wrapt","['BSD']","['Graham Dumpleton']"
"xxhash","https://github.com/ifduyue/python-xxhash","['BSD']","['Yue Du']"
"yarl","https://github.com/aio-libs/yarl","['Apache-2.0']","['Andrew Svetlov']"
